,HDI: Education index,,,,,,,,,,,,,,,,,,,,HDI: Health index,,,,,,,,,,,,,,,,,,,,HDI: Income index,,,,,,,,,,,,,,,,,,,,HDI: Human Development Index (HDI) value,,,,,,,,,,,,,,,,,,,
,1980,,1985,,1990,,1995,,2000,,2005,,2006,,2007,,2008,,2011,,1980,,1985,,1990,,1995,,2000,,2005,,2006,,2007,,2008,,2011,,1980,,1985,,1990,,1995,,2000,,2005,,2006,,2007,,2008,,2011,,1980,,1985,,1990,,1995,,2000,,2005,,2006,,2007,,2008,,2011,
Country,,,,,,,,,,,,,,,,,,,,,,,,,,,,,,,,,,,,,,,,,,,,,,,,,,,,,,,,,,,,,,,,,,,,,,,,,,,,,,,,
Afghanistan,0.077,,0.107,,0.131,,0.141,,0.145,,0.296,,0.321,,0.325,,0.342,,0.367,,0.303,,0.328,,0.352,,0.376,,0.399,,0.420,,0.424,,0.429,,0.434,,0.452,,0.330,,0.364,,0.322,,0.254,,0.211,,0.317,,0.327,,0.343,,0.342,,0.380,,0.198,,0.234,,0.246,,0.238,,0.230,,0.340,,0.354,,0.363,,0.370,,0.398,
Albania,0.601,,0.617,,0.660,,0.654,,0.693,,0.715,,0.716,,0.717,,0.718,,0.721,,0.783,,0.810,,0.814,,0.818,,0.854,,0.883,,0.886,,0.889,,0.891,,0.898,,..,,..,,0.526,,0.515,,0.558,,0.593,,0.599,,0.608,,0.616,,0.624,,..,,..,,0.656,,0.651,,0.691,,0.721,,0.724,,0.729,,0.733,,0.739,
Algeria,0.253,,0.320,,0.384,,0.446,,0.528,,0.603,,0.613,,0.624,,0.635,,0.652,,0.625,,0.690,,0.743,,0.765,,0.790,,0.815,,0.819,,0.823,,0.827,,0.838,,0.590,,0.601,,0.587,,0.569,,0.582,,0.605,,0.607,,0.613,,0.615,,0.621,,0.454,,0.510,,0.551,,0.579,,0.624,,0.667,,0.673,,0.680,,0.686,,0.698,
Andorra,..,,..,,..,,..,,..,,..,,..,,..,,..,,0.727,,0.865,,0.881,,0.891,,0.906,,0.929,,0.949,,0.952,,0.954,,0.956,,0.961,,0.808,,0.783,,0.799,,0.781,,0.808,,0.833,,0.839,,0.838,,0.841,,0.843,,..,,..,,..,,..,,..,,..,,..,,..,,..,,0.838,
Angola,..,,..,,..,,..,,0.326,,0.397,,0.409,,0.422,,0.422,,0.422,,0.318,,0.328,,0.334,,0.348,,0.398,,0.451,,0.458,,0.465,,0.471,,0.490,,..,,..,,0.464,,0.395,,0.435,,0.494,,0.516,,0.534,,0.544,,0.557,,..,,..,,..,,..,,0.384,,0.445,,0.459,,0.471,,0.476,,0.486,
Antigua and Barbuda,..,,..,,..,,..,,..,,..,,..,,..,,..,,0.744,,0.739,,0.756,,0.771,,0.786,,0.804,,0.817,,0.819,,0.822,,0.824,,0.830,,0.585,,0.632,,0.676,,0.687,,0.697,,0.715,,0.731,,0.743,,0.742,,0.723,,..,,..,,..,,..,,..,,..,,..,,..,,..,,0.764,
Argentina,0.583,,0.650,,0.681,,0.707,,0.751,,0.777,,0.786,,0.790,,0.799,,0.806,,0.779,,0.798,,0.813,,0.831,,0.848,,0.865,,0.868,,0.871,,0.874,,0.882,,0.659,,0.624,,0.612,,0.651,,0.660,,0.666,,0.678,,0.689,,0.696,,0.713,,0.669,,0.687,,0.697,,0.726,,0.749,,0.765,,0.773,,0.780,,0.786,,0.797,
Armenia,0.634,,0.648,,0.665,,0.677,,0.726,,0.728,,0.743,,0.756,,0.751,,0.760,,0.803,,0.784,,0.755,,0.769,,0.807,,0.839,,0.842,,0.846,,0.848,,0.856,,..,,..,,..,,0.405,,0.453,,0.536,,0.555,,0.573,,0.583,,0.566,,..,,..,,..,,0.595,,0.643,,0.689,,0.703,,0.715,,0.719,,0.716,
Australia,0.946,,0.947,,0.952,,0.973,,0.974,,0.977,,0.978,,0.978,,0.979,,0.981,,0.857,,0.876,,0.895,,0.917,,0.939,,0.961,,0.965,,0.967,,0.970,,0.976,,0.757,,0.765,,0.779,,0.788,,0.812,,0.824,,0.826,,0.828,,0.831,,0.837,,0.850,,0.859,,0.873,,0.889,,0.906,,0.918,,0.920,,0.922,,0.924,,0.929,
Austria,0.640,,0.669,,0.709,,0.751,,0.785,,0.813,,0.824,,0.829,,0.840,,0.858,,0.829,,0.851,,0.875,,0.894,,0.916,,0.940,,0.944,,0.948,,0.951,,0.960,,0.765,,0.776,,0.793,,0.803,,0.822,,0.831,,0.835,,0.840,,0.842,,0.842,,0.740,,0.762,,0.790,,0.814,,0.839,,0.860,,0.866,,0.870,,0.876,,0.885,
Azerbaijan,..,,..,,..,,..,,..,,..,,..,,..,,..,,0.671,,0.709,,0.720,,0.708,,0.704,,0.739,,0.773,,0.780,,0.786,,0.791,,0.800,,..,,..,,..,,0.419,,0.452,,0.526,,0.566,,0.592,,0.612,,0.639,,..,,..,,..,,..,,..,,..,,..,,..,,..,,0.700,
Bahamas,..,,..,,..,,..,,0.657,,0.674,,0.671,,0.671,,0.671,,0.671,,0.752,,0.772,,0.778,,0.790,,0.816,,0.847,,0.854,,0.860,,0.865,,0.877,,0.757,,0.768,,0.778,,0.766,,0.792,,0.786,,0.791,,0.792,,0.789,,0.779,,..,,..,,..,,..,,0.752,,0.766,,0.768,,0.770,,0.771,,0.771,
Bahrain,0.427,,0.551,,0.602,,0.656,,0.703,,0.730,,0.734,,0.737,,0.741,,0.747,,0.783,,0.810,,0.825,,0.836,,0.847,,0.857,,0.858,,0.860,,0.862,,0.868,,0.826,,0.767,,0.754,,0.768,,0.777,,0.802,,0.809,,0.819,,0.821,,0.808,,0.651,,0.700,,0.721,,0.750,,0.773,,0.795,,0.799,,0.804,,0.806,,0.806,
Bangladesh,0.197,,0.218,,0.253,,0.298,,0.339,,0.385,,0.393,,0.400,,0.405,,0.415,,0.556,,0.583,,0.623,,0.664,,0.706,,0.740,,0.746,,0.752,,0.757,,0.772,,0.253,,0.267,,0.277,,0.295,,0.315,,0.346,,0.353,,0.363,,0.370,,0.391,,0.303,,0.324,,0.352,,0.388,,0.422,,0.462,,0.470,,0.478,,0.484,,0.500,
Barbados,..,,..,,..,,..,,..,,0.740,,0.742,,0.743,,0.744,,0.747,,0.822,,0.845,,0.862,,0.870,,0.876,,0.883,,0.884,,0.886,,0.889,,0.896,,0.710,,0.707,,0.720,,0.712,,0.738,,0.746,,0.750,,0.751,,0.751,,0.743,,..,,..,,..,,..,,..,,0.787,,0.790,,0.791,,0.792,,0.793,
Belarus,..,,..,,..,,..,,..,,0.770,,0.773,,0.776,,0.776,,0.776,,0.801,,0.806,,0.800,,0.770,,0.759,,0.771,,0.774,,0.778,,0.782,,0.794,,..,,..,,..,,0.537,,0.584,,0.637,,0.651,,0.665,,0.680,,0.702,,..,,..,,..,,..,,..,,0.723,,0.731,,0.738,,0.744,,0.756,
Belgium,0.676,,0.705,,0.764,,0.865,,0.896,,0.865,,0.868,,0.870,,0.873,,0.882,,0.840,,0.864,,0.884,,0.898,,0.912,,0.931,,0.935,,0.939,,0.942,,0.947,,0.764,,0.770,,0.791,,0.802,,0.822,,0.828,,0.831,,0.834,,0.834,,0.832,,0.757,,0.777,,0.811,,0.854,,0.876,,0.873,,0.877,,0.880,,0.882,,0.886,
Belize,0.586,,0.598,,0.615,,0.633,,0.624,,0.655,,0.650,,0.653,,0.657,,0.663,,0.791,,0.813,,0.828,,0.838,,0.844,,0.860,,0.865,,0.869,,0.874,,0.884,,0.513,,0.490,,0.540,,0.547,,0.564,,0.580,,0.585,,0.583,,0.585,,0.582,,0.619,,0.620,,0.651,,0.662,,0.668,,0.689,,0.690,,0.692,,0.695,,0.699,
Benin,0.115,,0.165,,0.203,,0.253,,0.290,,0.348,,0.351,,0.355,,0.358,,0.365,,0.400,,0.424,,0.453,,0.489,,0.515,,0.535,,0.539,,0.544,,0.550,,0.569,,0.348,,0.357,,0.342,,0.346,,0.362,,0.367,,0.366,,0.369,,0.373,,0.374,,0.252,,0.293,,0.316,,0.350,,0.378,,0.409,,0.411,,0.414,,0.419,,0.427,
Bhutan,..,,..,,..,,..,,..,,..,,..,,..,,..,,0.336,,0.415,,0.462,,0.513,,0.579,,0.652,,0.707,,0.714,,0.721,,0.727,,0.744,,..,,0.324,,0.415,,0.448,,0.472,,0.506,,0.514,,0.537,,0.539,,0.568,,..,,..,,..,,..,,..,,..,,..,,..,,..,,0.522,
Bolivia (Plurinational State of),0.504,,0.551,,0.604,,0.636,,0.673,,0.719,,0.723,,0.727,,0.734,,0.749,,0.504,,0.563,,0.612,,0.649,,0.678,,0.706,,0.711,,0.716,,0.721,,0.735,,0.514,,0.473,,0.476,,0.491,,0.502,,0.539,,0.534,,0.515,,0.522,,0.530,,0.507,,0.527,,0.560,,0.587,,0.612,,0.649,,0.650,,0.645,,0.651,,0.663,
Bosnia and Herzegovina,..,,..,,..,,..,,..,,0.712,,0.712,,0.712,,0.717,,0.723,,0.796,,0.812,,0.737,,0.755,,0.860,,0.865,,0.867,,0.869,,0.871,,0.878,,..,,..,,..,,..,,0.575,,0.598,,0.605,,0.614,,0.622,,0.621,,..,,..,,..,,..,,..,,0.717,,0.720,,0.725,,0.730,,0.733,
Botswana,0.275,,0.382,,0.497,,0.568,,0.637,,0.673,,0.680,,0.679,,0.684,,0.693,,0.641,,0.679,,0.696,,0.620,,0.487,,0.482,,0.496,,0.508,,0.518,,0.523,,0.503,,0.535,,0.607,,0.618,,0.646,,0.671,,0.678,,0.684,,0.687,,0.698,,0.446,,0.518,,0.594,,0.601,,0.585,,0.601,,0.611,,0.618,,0.624,,0.633,
Brazil,0.402,,0.451,,0.486,,0.540,,0.599,,0.645,,0.646,,0.646,,0.652,,0.663,,0.670,,0.700,,0.730,,0.762,,0.791,,0.813,,0.818,,0.822,,0.828,,0.844,,0.615,,0.603,,0.608,,0.620,,0.622,,0.632,,0.637,,0.644,,0.650,,0.662,,0.549,,0.575,,0.600,,0.634,,0.665,,0.692,,0.695,,0.700,,0.705,,0.718,
Brunei Darussalam,0.545,,0.581,,0.642,,0.681,,0.700,,0.719,,0.725,,0.726,,0.726,,0.733,,0.798,,0.821,,0.844,,0.865,,0.886,,0.902,,0.904,,0.906,,0.909,,0.915,,0.969,,0.922,,0.888,,0.891,,0.883,,0.883,,0.886,,0.883,,0.878,,0.877,,0.750,,0.760,,0.784,,0.807,,0.818,,0.830,,0.834,,0.835,,0.834,,0.838,
Bulgaria,0.632,,0.669,,0.692,,0.707,,0.742,,0.773,,0.778,,0.789,,0.792,,0.802,,0.807,,0.809,,0.808,,0.803,,0.811,,0.827,,0.829,,0.831,,0.833,,0.842,,..,,0.604,,0.607,,0.600,,0.609,,0.657,,0.663,,0.665,,0.678,,0.678,,..,,0.689,,0.698,,0.698,,0.715,,0.749,,0.753,,0.758,,0.765,,0.771,
Burkina Faso,..,,..,,..,,..,,..,,0.160,,0.165,,0.172,,0.180,,0.187,,0.416,,0.442,,0.450,,0.459,,0.478,,0.513,,0.521,,0.529,,0.537,,0.559,,0.268,,0.283,,0.283,,0.289,,0.319,,0.335,,0.339,,0.338,,0.341,,0.349,,..,,..,,..,,..,,..,,0.302,,0.307,,0.313,,0.321,,0.331,
Burundi,0.090,,0.135,,0.171,,0.186,,0.207,,0.254,,0.288,,0.310,,0.327,,0.353,,0.426,,0.446,,0.415,,0.389,,0.412,,0.439,,0.445,,0.452,,0.458,,0.480,,0.208,,0.214,,0.221,,0.192,,0.173,,0.171,,0.172,,0.172,,0.182,,0.186,,0.200,,0.235,,0.250,,0.240,,0.245,,0.267,,0.281,,0.289,,0.301,,0.316,
Cambodia,0.367,,0.373,,0.378,,0.397,,0.433,,0.496,,0.499,,0.501,,0.501,,0.502,,0.295,,0.514,,0.561,,0.572,,0.594,,0.633,,0.642,,0.650,,0.658,,0.680,,..,,..,,..,,0.296,,0.326,,0.377,,0.392,,0.403,,0.408,,0.418,,..,,..,,..,,0.407,,0.438,,0.491,,0.501,,0.508,,0.513,,0.523,
Cameroon,0.255,,0.301,,0.346,,0.371,,0.401,,0.463,,0.461,,0.479,,0.497,,0.520,,0.492,,0.519,,0.525,,0.505,,0.475,,0.464,,0.467,,0.471,,0.476,,0.499,,0.405,,0.469,,0.428,,0.392,,0.408,,0.422,,0.426,,0.428,,0.428,,0.431,,0.370,,0.418,,0.427,,0.419,,0.427,,0.449,,0.451,,0.459,,0.466,,0.482,
Canada,0.811,,0.828,,0.875,,0.896,,0.883,,0.895,,0.902,,0.908,,0.914,,0.927,,0.868,,0.889,,0.904,,0.917,,0.932,,0.949,,0.951,,0.954,,0.956,,0.962,,0.775,,0.787,,0.796,,0.801,,0.824,,0.836,,0.840,,0.841,,0.841,,0.840,,0.817,,0.834,,0.857,,0.870,,0.879,,0.892,,0.897,,0.900,,0.903,,0.908,
Cape Verde,..,,..,,..,,..,,0.411,,0.416,,0.431,,0.427,,0.428,,0.425,,0.630,,0.675,,0.714,,0.748,,0.784,,0.826,,0.834,,0.840,,0.845,,0.854,,..,,..,,0.398,,0.415,,0.444,,0.466,,0.477,,0.490,,0.495,,0.505,,..,,..,,..,,..,,0.523,,0.543,,0.555,,0.560,,0.563,,0.568,
Central African Republic,0.152,,0.195,,0.219,,0.225,,0.266,,0.288,,0.295,,0.303,,0.310,,0.321,,0.455,,0.470,,0.455,,0.412,,0.374,,0.385,,0.393,,0.403,,0.414,,0.448,,0.327,,0.316,,0.300,,0.287,,0.287,,0.270,,0.273,,0.277,,0.273,,0.280,,0.283,,0.307,,0.310,,0.299,,0.306,,0.311,,0.316,,0.323,,0.327,,0.343,
Chad,..,,..,,..,,..,,0.182,,0.200,,0.201,,0.203,,0.212,,0.219,,0.440,,0.474,,0.484,,0.471,,0.450,,0.443,,0.445,,0.448,,0.452,,0.466,,0.266,,0.307,,0.300,,0.288,,0.284,,0.341,,0.337,,0.337,,0.329,,0.344,,..,,..,,..,,..,,0.286,,0.312,,0.311,,0.313,,0.316,,0.328,
Chile,0.569,,0.623,,0.677,,0.674,,0.709,,0.761,,0.764,,0.781,,0.790,,0.797,,0.777,,0.820,,0.847,,0.870,,0.898,,0.921,,0.923,,0.925,,0.927,,0.932,,0.565,,0.547,,0.592,,0.641,,0.661,,0.674,,0.673,,0.680,,0.690,,0.701,,0.630,,0.654,,0.698,,0.722,,0.749,,0.779,,0.780,,0.789,,0.796,,0.805,
China,0.372,,0.396,,0.437,,0.482,,0.535,,0.579,,0.588,,0.599,,0.610,,0.623,,0.742,,0.762,,0.780,,0.795,,0.808,,0.822,,0.826,,0.829,,0.833,,0.843,,0.239,,0.298,,0.345,,0.414,,0.469,,0.533,,0.549,,0.568,,0.580,,0.618,,0.404,,0.448,,0.490,,0.541,,0.588,,0.633,,0.644,,0.656,,0.665,,0.687,
Colombia,0.409,,0.434,,0.474,,0.528,,0.577,,0.610,,0.624,,0.636,,0.647,,0.667,,0.717,,0.751,,0.762,,0.780,,0.805,,0.825,,0.829,,0.833,,0.837,,0.847,,0.567,,0.561,,0.582,,0.602,,0.597,,0.609,,0.616,,0.623,,0.625,,0.633,,0.550,,0.568,,0.594,,0.628,,0.652,,0.675,,0.683,,0.691,,0.697,,0.710,
Comoros,..,,..,,..,,..,,..,,0.368,,0.368,,0.368,,0.368,,0.368,,0.504,,0.537,,0.562,,0.579,,0.598,,0.615,,0.619,,0.624,,0.629,,0.648,,..,,0.366,,0.357,,0.347,,0.342,,0.346,,0.345,,0.342,,0.340,,0.341,,..,,..,,..,,..,,..,,0.428,,0.428,,0.428,,0.429,,0.433,
Congo,0.373,,0.426,,0.459,,0.470,,0.452,,0.520,,0.520,,0.521,,0.521,,0.523,,0.572,,0.585,,0.572,,0.546,,0.539,,0.554,,0.559,,0.565,,0.571,,0.590,,0.469,,0.522,,0.481,,0.414,,0.447,,0.450,,0.456,,0.456,,0.472,,0.490,,0.465,,0.507,,0.502,,0.474,,0.478,,0.506,,0.510,,0.512,,0.520,,0.533,
Congo (Democratic Republic of the),0.191,,0.212,,0.235,,0.267,,0.256,,0.315,,0.326,,0.338,,0.351,,0.356,,0.408,,0.417,,0.424,,0.409,,0.405,,0.426,,0.429,,0.432,,0.435,,0.448,,0.286,,0.274,,0.242,,0.150,,0.109,,0.131,,0.135,,0.136,,0.129,,0.147,,0.282,,0.289,,0.289,,0.254,,0.224,,0.260,,0.266,,0.271,,0.270,,0.286,
Costa Rica,0.476,,0.503,,0.548,,0.586,,0.617,,0.641,,0.645,,0.649,,0.652,,0.659,,0.828,,0.861,,0.879,,0.896,,0.912,,0.924,,0.926,,0.928,,0.930,,0.936,,0.588,,0.566,,0.587,,0.610,,0.618,,0.639,,0.650,,0.659,,0.661,,0.667,,0.614,,0.626,,0.656,,0.684,,0.703,,0.723,,0.729,,0.735,,0.737,,0.744,
Croatia,0.584,,0.607,,0.624,,0.651,,0.704,,0.756,,0.762,,0.769,,0.773,,0.778,,0.797,,0.803,,0.819,,0.845,,0.864,,0.874,,0.878,,0.881,,0.884,,0.893,,..,,..,,..,,0.658,,0.687,,0.717,,0.724,,0.731,,0.733,,0.724,,..,,..,,..,,0.713,,0.748,,0.780,,0.785,,0.791,,0.795,,0.796,
Cuba,0.590,,0.645,,0.690,,0.664,,0.715,,0.789,,0.824,,0.853,,0.870,,0.876,,0.844,,0.856,,0.859,,0.871,,0.889,,0.910,,0.915,,0.920,,0.924,,0.933,,..,,0.532,,0.523,,0.466,,0.496,,0.531,,0.547,,0.557,,0.563,,0.572,,..,,0.665,,0.677,,0.646,,0.681,,0.725,,0.745,,0.759,,0.767,,0.776,
Cyprus,0.555,,0.595,,0.626,,0.716,,0.730,,0.734,,0.743,,0.754,,0.771,,0.798,,0.864,,0.879,,0.892,,0.904,,0.915,,0.924,,0.927,,0.929,,0.932,,0.940,,..,,0.707,,0.747,,0.756,,0.768,,0.781,,0.783,,0.784,,0.788,,0.790,,..,,0.718,,0.747,,0.788,,0.800,,0.809,,0.814,,0.819,,0.827,,0.840,
Czech Republic,0.774,,0.755,,0.762,,0.803,,0.857,,0.930,,0.927,,0.928,,0.930,,0.924,,0.799,,0.805,,0.819,,0.841,,0.866,,0.888,,0.893,,0.897,,0.901,,0.910,,..,,..,,..,,0.723,,0.731,,0.755,,0.763,,0.768,,0.770,,0.769,,..,,..,,..,,0.788,,0.816,,0.854,,0.858,,0.861,,0.864,,0.865,
Côte d'Ivoire,0.184,,0.207,,0.230,,0.256,,0.278,,0.292,,0.295,,0.297,,0.300,,0.304,,0.494,,0.520,,0.513,,0.488,,0.474,,0.497,,0.506,,0.515,,0.526,,0.558,,0.461,,0.423,,0.397,,0.393,,0.397,,0.387,,0.384,,0.382,,0.383,,0.377,,0.347,,0.357,,0.361,,0.366,,0.374,,0.383,,0.385,,0.388,,0.392,,0.400,
Denmark,0.732,,0.768,,0.774,,0.817,,0.872,,0.914,,0.911,,0.917,,0.918,,0.924,,0.857,,0.860,,0.866,,0.876,,0.892,,0.911,,0.914,,0.917,,0.920,,0.928,,0.764,,0.780,,0.790,,0.806,,0.822,,0.833,,0.838,,0.839,,0.837,,0.836,,0.783,,0.802,,0.809,,0.833,,0.861,,0.885,,0.887,,0.890,,0.891,,0.895,
Djibouti,..,,..,,..,,..,,..,,0.268,,0.274,,0.284,,0.289,,0.294,,0.441,,0.474,,0.495,,0.515,,0.534,,0.561,,0.568,,0.574,,0.580,,0.598,,..,,..,,..,,0.442,,0.415,,0.430,,0.436,,0.440,,0.444,,0.451,,..,,..,,..,,..,,..,,0.402,,0.407,,0.416,,0.421,,0.430,
Dominica,..,,..,,..,,..,,0.653,,0.664,,0.666,,0.668,,0.670,,0.670,,0.798,,0.842,,0.877,,0.888,,0.891,,0.898,,0.899,,0.901,,0.902,,0.907,,0.505,,0.532,,0.577,,0.582,,0.586,,0.598,,0.613,,0.618,,0.622,,0.626,,..,,..,,..,,..,,0.699,,0.709,,0.716,,0.719,,0.722,,0.724,
Dominican Republic,0.435,,0.462,,0.499,,0.538,,0.573,,0.597,,0.601,,0.605,,0.608,,0.616,,0.677,,0.711,,0.751,,0.781,,0.802,,0.821,,0.824,,0.827,,0.831,,0.842,,0.512,,0.504,,0.513,,0.535,,0.571,,0.583,,0.596,,0.606,,0.613,,0.629,,0.532,,0.549,,0.577,,0.608,,0.640,,0.658,,0.666,,0.672,,0.677,,0.689,
Ecuador,0.530,,0.571,,0.601,,0.621,,0.631,,0.652,,0.657,,0.661,,0.680,,0.686,,0.677,,0.727,,0.771,,0.808,,0.842,,0.863,,0.865,,0.868,,0.870,,0.877,,0.576,,0.558,,0.557,,0.571,,0.560,,0.595,,0.600,,0.604,,0.615,,0.620,,0.591,,0.614,,0.636,,0.659,,0.668,,0.695,,0.698,,0.702,,0.714,,0.720,
Egypt,0.262,,0.337,,0.376,,0.430,,0.487,,0.519,,0.528,,0.536,,0.544,,0.560,,0.570,,0.615,,0.663,,0.719,,0.775,,0.813,,0.819,,0.824,,0.828,,0.840,,0.448,,0.472,,0.493,,0.506,,0.530,,0.539,,0.547,,0.555,,0.562,,0.568,,0.406,,0.461,,0.497,,0.539,,0.585,,0.611,,0.618,,0.626,,0.633,,0.644,
El Salvador,0.326,,0.357,,0.386,,0.460,,0.535,,0.602,,0.609,,0.630,,0.622,,0.637,,0.577,,0.626,,0.726,,0.773,,0.786,,0.803,,0.806,,0.810,,0.813,,0.823,,0.538,,0.506,,0.513,,0.547,,0.562,,0.574,,0.580,,0.586,,0.589,,0.585,,0.466,,0.484,,0.524,,0.580,,0.619,,0.652,,0.658,,0.668,,0.668,,0.674,
Equatorial Guinea,..,,..,,..,,..,,0.439,,0.427,,0.427,,0.427,,0.427,,0.427,,0.361,,0.390,,0.422,,0.445,,0.452,,0.463,,0.467,,0.472,,0.476,,0.490,,..,,..,,0.419,,0.441,,0.586,,0.692,,0.698,,0.721,,0.759,,0.741,,..,,..,,..,,..,,0.488,,0.516,,0.519,,0.526,,0.537,,0.537,
Eritrea,..,,..,,..,,..,,..,,..,,..,,..,,..,,0.271,,0.377,,0.392,,0.445,,0.512,,0.570,,0.612,,0.620,,0.628,,0.635,,0.656,,..,,..,,..,,0.291,,0.273,,0.264,,0.255,,0.251,,0.236,,0.240,,..,,..,,..,,..,,..,,..,,..,,..,,..,,0.349,
Estonia,0.678,,0.697,,0.716,,0.768,,0.884,,0.920,,0.918,,0.916,,0.914,,0.916,,0.779,,0.788,,0.780,,0.768,,0.792,,0.831,,0.838,,0.846,,0.852,,0.865,,..,,..,,0.661,,0.623,,0.667,,0.726,,0.739,,0.747,,0.740,,0.734,,..,,..,,0.717,,0.716,,0.776,,0.821,,0.829,,0.834,,0.832,,0.835,
Ethiopia,..,,..,,..,,..,,0.171,,0.210,,0.219,,0.229,,0.237,,0.237,,0.377,,0.386,,0.427,,0.463,,0.500,,0.555,,0.568,,0.580,,0.591,,0.619,,..,,0.232,,0.245,,0.232,,0.242,,0.264,,0.280,,0.288,,0.302,,0.326,,..,,..,,..,,..,,0.274,,0.313,,0.327,,0.337,,0.348,,0.363,
Fiji,0.530,,0.563,,0.674,,0.747,,0.751,,0.756,,0.762,,0.768,,0.774,,0.786,,0.678,,0.699,,0.718,,0.735,,0.750,,0.764,,0.766,,0.768,,0.771,,0.777,,0.505,,0.488,,0.503,,0.514,,0.529,,0.541,,0.534,,0.535,,0.536,,0.533,,0.566,,0.577,,0.624,,0.656,,0.668,,0.678,,0.678,,0.681,,0.684,,0.688,
Finland,0.699,,0.714,,0.740,,0.815,,0.803,,0.878,,0.879,,0.880,,0.880,,0.877,,0.844,,0.861,,0.871,,0.889,,0.910,,0.928,,0.931,,0.934,,0.937,,0.946,,0.740,,0.756,,0.776,,0.767,,0.802,,0.821,,0.827,,0.833,,0.834,,0.828,,0.759,,0.775,,0.794,,0.822,,0.837,,0.875,,0.878,,0.881,,0.883,,0.882,
France,0.577,,0.609,,0.666,,0.760,,0.802,,0.844,,0.850,,0.855,,0.860,,0.870,,0.855,,0.875,,0.895,,0.913,,0.931,,0.951,,0.955,,0.959,,0.963,,0.971,,0.761,,0.768,,0.787,,0.792,,0.811,,0.817,,0.819,,0.822,,0.821,,0.819,,0.722,,0.742,,0.777,,0.819,,0.846,,0.869,,0.873,,0.877,,0.879,,0.884,
Gabon,0.358,,0.426,,0.484,,0.530,,0.566,,0.632,,0.638,,0.644,,0.649,,0.660,,0.550,,0.616,,0.652,,0.649,,0.626,,0.631,,0.638,,0.645,,0.653,,0.674,,0.721,,0.721,,0.702,,0.696,,0.676,,0.681,,0.669,,0.681,,0.679,,0.689,,0.522,,0.574,,0.605,,0.621,,0.621,,0.648,,0.648,,0.656,,0.660,,0.674,
Gambia,0.133,,0.157,,0.179,,0.216,,0.250,,0.294,,0.304,,0.313,,0.323,,0.334,,0.434,,0.496,,0.522,,0.531,,0.554,,0.578,,0.582,,0.587,,0.592,,0.607,,0.349,,0.346,,0.340,,0.334,,0.338,,0.334,,0.340,,0.346,,0.355,,0.365,,0.272,,0.300,,0.317,,0.337,,0.360,,0.384,,0.392,,0.399,,0.408,,0.420,
Georgia,..,,..,,..,,..,,..,,0.824,,0.819,,0.836,,0.824,,0.839,,0.784,,0.789,,0.797,,0.800,,0.817,,0.833,,0.835,,0.837,,0.839,,0.848,,..,,..,,..,,0.400,,0.463,,0.515,,0.528,,0.543,,0.544,,0.554,,..,,..,,..,,..,,..,,0.707,,0.712,,0.724,,0.722,,0.733,
Germany,0.608,,0.622,,0.721,,0.807,,0.860,,0.929,,0.929,,0.929,,0.928,,0.928,,0.839,,0.857,,0.874,,0.894,,0.916,,0.936,,0.939,,0.942,,0.945,,0.953,,0.764,,0.776,,0.796,,0.805,,0.818,,0.825,,0.831,,0.835,,0.836,,0.838,,0.730,,0.745,,0.795,,0.835,,0.864,,0.895,,0.898,,0.901,,0.902,,0.905,
Ghana,0.337,,0.374,,0.406,,0.433,,0.459,,0.496,,0.513,,0.537,,0.554,,0.574,,0.522,,0.545,,0.581,,0.599,,0.606,,0.647,,0.658,,0.667,,0.676,,0.698,,0.326,,0.299,,0.310,,0.318,,0.331,,0.353,,0.358,,0.365,,0.373,,0.396,,0.385,,0.394,,0.418,,0.436,,0.451,,0.484,,0.494,,0.508,,0.519,,0.541,
Greece,0.586,,0.641,,0.671,,0.691,,0.734,,0.852,,0.861,,0.852,,0.855,,0.861,,0.859,,0.884,,0.900,,0.909,,0.923,,0.935,,0.937,,0.938,,0.940,,0.945,,0.741,,0.735,,0.742,,0.745,,0.763,,0.786,,0.791,,0.796,,0.798,,0.783,,0.720,,0.747,,0.766,,0.776,,0.802,,0.856,,0.861,,0.860,,0.862,,0.861,
Grenada,..,,..,,..,,..,,..,,..,,..,,..,,..,,0.779,,0.712,,0.729,,0.774,,0.817,,0.845,,0.866,,0.869,,0.872,,0.875,,0.883,,..,,..,,0.554,,0.556,,0.602,,0.620,,0.617,,0.620,,0.621,,0.608,,..,,..,,..,,..,,..,,..,,..,,..,,..,,0.748,
Guatemala,0.254,,0.269,,0.296,,0.322,,0.366,,0.401,,0.407,,0.423,,0.428,,0.438,,0.588,,0.624,,0.666,,0.709,,0.753,,0.784,,0.788,,0.792,,0.796,,0.807,,0.524,,0.495,,0.499,,0.514,,0.525,,0.529,,0.533,,0.538,,0.539,,0.534,,0.428,,0.437,,0.462,,0.490,,0.525,,0.550,,0.555,,0.565,,0.568,,0.574,
Guinea,..,,..,,..,,..,,..,,0.229,,0.237,,0.243,,0.246,,0.246,,0.297,,0.336,,0.373,,0.405,,0.443,,0.491,,0.500,,0.508,,0.516,,0.538,,..,,..,,0.292,,0.297,,0.309,,0.308,,0.307,,0.310,,0.310,,0.309,,..,,..,,..,,..,,..,,0.326,,0.331,,0.337,,0.340,,0.344,
Guinea-Bissau,..,,..,,..,,..,,..,,0.296,,0.302,,0.302,,0.302,,0.302,,0.317,,0.345,,0.360,,0.374,,0.393,,0.412,,0.416,,0.421,,0.426,,0.444,,0.315,,0.367,,0.352,,0.355,,0.342,,0.322,,0.323,,0.323,,0.322,,0.329,,..,,..,,..,,..,,..,,0.340,,0.344,,0.345,,0.346,,0.353,
Guyana,0.478,,0.502,,0.541,,0.580,,0.624,,0.655,,0.648,,0.648,,0.650,,0.650,,0.623,,0.637,,0.646,,0.665,,0.699,,0.746,,0.755,,0.763,,0.770,,0.787,,0.422,,0.377,,0.335,,0.422,,0.446,,0.456,,0.471,,0.479,,0.480,,0.496,,0.501,,0.494,,0.489,,0.546,,0.579,,0.606,,0.613,,0.619,,0.622,,0.633,
Haiti,0.180,,0.255,,0.294,,0.330,,0.361,,0.388,,0.392,,0.395,,0.399,,0.406,,0.487,,0.520,,0.554,,0.586,,0.606,,0.629,,0.636,,0.642,,0.648,,0.664,,0.416,,0.393,,0.384,,0.339,,0.342,,0.324,,0.327,,0.343,,0.341,,0.346,,0.332,,0.374,,0.397,,0.404,,0.421,,0.429,,0.433,,0.443,,0.445,,0.454,
Honduras,0.314,,0.378,,0.405,,0.440,,0.485,,0.533,,0.543,,0.553,,0.563,,0.574,,0.622,,0.684,,0.731,,0.767,,0.795,,0.811,,0.815,,0.820,,0.824,,0.838,,0.470,,0.461,,0.457,,0.465,,0.477,,0.493,,0.499,,0.507,,0.510,,0.507,,0.451,,0.492,,0.513,,0.540,,0.569,,0.597,,0.604,,0.613,,0.619,,0.625,
"Hong Kong, China (SAR)",0.581,,0.635,,0.687,,0.709,,0.725,,0.758,,0.763,,0.787,,0.821,,0.837,,0.866,,0.888,,0.907,,0.927,,0.946,,0.963,,0.966,,0.971,,0.975,,0.990,,0.706,,0.733,,0.779,,0.810,,0.817,,0.842,,0.853,,0.862,,0.867,,0.874,,0.708,,0.745,,0.786,,0.810,,0.824,,0.850,,0.857,,0.870,,0.885,,0.898,
Hungary,0.663,,0.683,,0.661,,0.760,,0.816,,0.850,,0.855,,0.857,,0.860,,0.866,,0.778,,0.776,,0.778,,0.789,,0.817,,0.839,,0.842,,0.845,,0.848,,0.858,,0.666,,0.677,,0.683,,0.667,,0.697,,0.727,,0.733,,0.732,,0.732,,0.732,,0.700,,0.710,,0.706,,0.737,,0.775,,0.803,,0.808,,0.809,,0.811,,0.816,
Iceland,0.644,,0.685,,0.727,,0.787,,0.839,,0.889,,0.893,,0.898,,0.903,,0.912,,0.893,,0.902,,0.917,,0.926,,0.942,,0.962,,0.964,,0.966,,0.968,,0.975,,0.769,,0.774,,0.790,,0.785,,0.812,,0.833,,0.832,,0.838,,0.821,,0.814,,0.762,,0.782,,0.807,,0.830,,0.863,,0.893,,0.895,,0.899,,0.895,,0.898,
India,0.232,,0.279,,0.318,,0.348,,0.365,,0.419,,0.426,,0.436,,0.441,,0.450,,0.557,,0.584,,0.605,,0.628,,0.656,,0.683,,0.689,,0.694,,0.700,,0.717,,0.314,,0.336,,0.359,,0.383,,0.410,,0.448,,0.459,,0.471,,0.475,,0.508,,0.344,,0.380,,0.410,,0.437,,0.461,,0.504,,0.512,,0.523,,0.527,,0.547,
Indonesia,0.346,,0.394,,0.390,,0.445,,0.484,,0.526,,0.535,,0.557,,0.562,,0.584,,0.593,,0.631,,0.664,,0.694,,0.721,,0.743,,0.748,,0.753,,0.759,,0.779,,0.369,,0.392,,0.430,,0.475,,0.460,,0.479,,0.484,,0.492,,0.502,,0.518,,0.423,,0.460,,0.481,,0.527,,0.543,,0.572,,0.579,,0.591,,0.598,,0.617,
Iran (Islamic Republic of),0.279,,0.324,,0.390,,0.460,,0.528,,0.577,,0.601,,0.616,,0.623,,0.640,,0.490,,0.474,,0.659,,0.760,,0.785,,0.810,,0.814,,0.819,,0.823,,0.836,,0.611,,0.611,,0.592,,0.604,,0.622,,0.647,,0.653,,0.663,,0.665,,0.662,,0.437,,0.454,,0.534,,0.596,,0.636,,0.671,,0.684,,0.694,,0.699,,0.707,
Iraq,0.260,,0.298,,0.345,,0.391,,0.425,,0.478,,0.480,,0.483,,0.486,,0.491,,0.576,,0.587,,0.749,,0.809,,0.802,,0.764,,0.757,,0.754,,0.754,,0.774,,..,,..,,..,,..,,..,,0.460,,0.475,,0.477,,0.489,,0.495,,..,,..,,..,,..,,..,,0.552,,0.557,,0.558,,0.564,,0.573,
Ireland,0.692,,0.730,,0.760,,0.812,,0.909,,0.943,,0.945,,0.954,,0.957,,0.963,,0.828,,0.845,,0.863,,0.877,,0.894,,0.926,,0.932,,0.938,,0.943,,0.955,,0.694,,0.695,,0.729,,0.755,,0.806,,0.831,,0.837,,0.840,,0.833,,0.814,,0.735,,0.754,,0.782,,0.813,,0.869,,0.898,,0.904,,0.909,,0.909,,0.908,
Israel,0.731,,0.772,,0.784,,0.817,,0.878,,0.902,,0.901,,0.906,,0.902,,0.907,,0.853,,0.871,,0.891,,0.911,,0.931,,0.949,,0.952,,0.956,,0.960,,0.972,,0.713,,0.720,,0.739,,0.748,,0.767,,0.780,,0.786,,0.792,,0.792,,0.796,,0.763,,0.785,,0.802,,0.823,,0.856,,0.874,,0.877,,0.882,,0.882,,0.888,
Italy,0.575,,0.596,,0.636,,0.696,,0.745,,0.823,,0.832,,0.840,,0.846,,0.856,,0.853,,0.876,,0.897,,0.915,,0.938,,0.960,,0.963,,0.966,,0.969,,0.976,,0.751,,0.761,,0.781,,0.790,,0.805,,0.807,,0.810,,0.810,,0.806,,0.799,,0.717,,0.735,,0.764,,0.795,,0.825,,0.861,,0.866,,0.869,,0.871,,0.874,
Jamaica,0.508,,0.530,,0.565,,0.616,,0.665,,0.709,,0.726,,0.742,,0.759,,0.768,,0.797,,0.806,,0.800,,0.794,,0.796,,0.812,,0.817,,0.821,,0.826,,0.838,,0.551,,0.534,,0.571,,0.601,,0.593,,0.600,,0.604,,0.604,,0.607,,0.598,,0.607,,0.611,,0.637,,0.665,,0.680,,0.702,,0.710,,0.717,,0.724,,0.727,
Japan,0.719,,0.741,,0.761,,0.806,,0.836,,0.862,,0.869,,0.873,,0.876,,0.883,,0.886,,0.911,,0.931,,0.945,,0.965,,0.983,,0.986,,0.989,,0.991,,1.000,,0.740,,0.766,,0.798,,0.806,,0.812,,0.822,,0.825,,0.829,,0.828,,0.827,,0.778,,0.803,,0.827,,0.850,,0.868,,0.886,,0.891,,0.894,,0.896,,0.901,
Jordan,0.404,,0.468,,0.526,,0.591,,0.638,,0.675,,0.679,,0.686,,0.699,,0.710,,0.741,,0.772,,0.795,,0.810,,0.821,,0.830,,0.832,,0.834,,0.836,,0.842,,0.528,,0.532,,0.493,,0.504,,0.515,,0.544,,0.552,,0.561,,0.567,,0.569,,0.541,,0.577,,0.591,,0.623,,0.646,,0.673,,0.678,,0.685,,0.692,,0.698,
Kazakhstan,0.559,,0.617,,0.650,,0.683,,0.736,,0.819,,0.826,,0.827,,0.830,,0.834,,0.709,,0.739,,0.737,,0.693,,0.686,,0.712,,0.717,,0.721,,0.726,,0.742,,..,,..,,..,,0.544,,0.561,,0.625,,0.635,,0.644,,0.643,,0.668,,..,,..,,..,,0.636,,0.657,,0.714,,0.721,,0.727,,0.729,,0.745,
Kenya,0.334,,0.373,,0.408,,0.440,,0.469,,0.526,,0.533,,0.552,,0.565,,0.582,,0.595,,0.623,,0.621,,0.570,,0.510,,0.521,,0.532,,0.543,,0.555,,0.586,,0.372,,0.362,,0.375,,0.363,,0.364,,0.372,,0.376,,0.383,,0.381,,0.387,,0.420,,0.438,,0.456,,0.450,,0.443,,0.467,,0.474,,0.486,,0.493,,0.509,
Kiribati,..,,..,,..,,..,,..,,..,,..,,..,,..,,0.647,,0.566,,0.606,,0.642,,0.672,,0.704,,0.731,,0.736,,0.741,,0.746,,0.759,,0.480,,0.481,,0.501,,0.487,,0.521,,0.510,,0.510,,0.503,,0.504,,0.494,,..,,..,,..,,..,,..,,..,,..,,..,,..,,0.624,
Korea (Democratic People's Rep. of),..,,..,,..,,..,,..,,..,,..,,..,,..,,..,,0.754,,0.781,,0.801,,0.735,,0.715,,0.764,,0.766,,0.766,,0.766,,0.770,,..,,..,,..,,..,,..,,..,,..,,..,,..,,..,,..,,..,,..,,..,,..,,..,,..,,..,,..,,..,
Korea (Republic of),0.612,,0.692,,0.738,,0.810,,0.862,,0.899,,0.908,,0.918,,0.925,,0.934,,0.727,,0.771,,0.816,,0.850,,0.885,,0.928,,0.935,,0.942,,0.947,,0.956,,0.572,,0.616,,0.678,,0.724,,0.749,,0.777,,0.784,,0.791,,0.795,,0.808,,0.634,,0.690,,0.742,,0.793,,0.830,,0.866,,0.873,,0.881,,0.886,,0.897,
Kuwait,0.459,,0.540,,0.514,,0.536,,0.593,,0.571,,0.572,,0.574,,0.575,,0.577,,0.792,,0.813,,0.828,,0.837,,0.844,,0.851,,0.852,,0.854,,0.855,,0.861,,0.895,,0.833,,0.848,,0.892,,0.856,,0.876,,0.882,,0.882,,0.882,,0.884,,0.688,,0.715,,0.712,,0.737,,0.754,,0.752,,0.755,,0.756,,0.757,,0.760,
Kyrgyzstan,0.611,,0.648,,0.652,,0.631,,0.696,,0.710,,0.712,,0.714,,0.718,,0.716,,0.680,,0.711,,0.730,,0.726,,0.729,,0.734,,0.735,,0.737,,0.740,,0.753,,..,,..,,..,,0.353,,0.379,,0.403,,0.407,,0.420,,0.429,,0.432,,..,,..,,..,,0.545,,0.577,,0.595,,0.598,,0.605,,0.611,,0.615,
Lao People's Democratic Republic,0.244,,0.266,,0.304,,0.332,,0.376,,0.410,,0.414,,0.419,,0.425,,0.432,,0.454,,0.489,,0.542,,0.603,,0.654,,0.702,,0.712,,0.721,,0.729,,0.749,,..,,..,,0.323,,0.346,,0.366,,0.394,,0.402,,0.415,,0.421,,0.445,,..,,..,,0.376,,0.411,,0.448,,0.484,,0.491,,0.500,,0.507,,0.524,
Latvia,0.611,,0.643,,0.652,,0.674,,0.771,,0.849,,0.855,,0.860,,0.869,,0.873,,0.775,,0.787,,0.772,,0.767,,0.799,,0.817,,0.820,,0.824,,0.828,,0.841,,..,,..,,0.661,,0.590,,0.637,,0.696,,0.711,,0.724,,0.721,,0.711,,..,,..,,0.693,,0.673,,0.732,,0.784,,0.793,,0.800,,0.803,,0.805,
Lebanon,..,,..,,..,,..,,..,,0.679,,0.681,,0.687,,0.690,,0.695,,0.735,,0.749,,0.768,,0.787,,0.799,,0.812,,0.815,,0.818,,0.821,,0.830,,..,,..,,0.607,,0.644,,0.640,,0.651,,0.653,,0.665,,0.675,,0.698,,..,,..,,..,,..,,..,,0.711,,0.713,,0.721,,0.726,,0.739,
Lesotho,0.368,,0.412,,0.431,,0.443,,0.464,,0.491,,0.496,,0.492,,0.497,,0.507,,0.533,,0.574,,0.623,,0.585,,0.437,,0.384,,0.390,,0.401,,0.412,,0.445,,0.372,,0.389,,0.388,,0.381,,0.383,,0.386,,0.398,,0.401,,0.405,,0.403,,0.418,,0.451,,0.470,,0.462,,0.427,,0.417,,0.426,,0.429,,0.436,,0.450,
Liberia,0.247,,0.280,,0.316,,0.346,,0.398,,0.408,,0.414,,0.420,,0.426,,0.439,,0.375,,0.366,,0.351,,0.351,,0.410,,0.504,,0.521,,0.535,,0.548,,0.580,,0.406,,0.357,,..,,..,,0.177,,0.131,,0.122,,0.144,,0.151,,0.140,,0.335,,0.332,,..,,..,,0.306,,0.300,,0.298,,0.319,,0.328,,0.329,
Libyan Arab Jamahiriya,0.353,,0.385,,0.463,,0.546,,0.627,,0.685,,0.695,,0.704,,0.713,,0.731,,0.632,,0.703,,0.754,,0.795,,0.825,,0.843,,0.847,,0.850,,0.854,,0.864,,..,,..,,..,,..,,..,,0.703,,0.712,,0.719,,0.718,,0.693,,..,,..,,..,,..,,..,,0.741,,0.748,,0.755,,0.759,,0.760,
Liechtenstein,..,,..,,..,,..,,..,,..,,..,,..,,..,,0.818,,0.845,,0.866,,0.885,,0.902,,0.918,,0.929,,0.931,,0.932,,0.935,,0.941,,0.849,,0.860,,0.886,,0.908,,0.948,,0.926,,0.941,,0.955,,0.945,,0.964,,..,,..,,..,,..,,..,,..,,..,,..,,..,,0.905,
Lithuania,0.631,,0.664,,0.688,,0.693,,0.799,,0.869,,0.871,,0.872,,0.875,,0.883,,0.799,,0.810,,0.801,,0.789,,0.810,,0.814,,0.813,,0.812,,0.813,,0.824,,..,,..,,..,,0.616,,0.650,,0.706,,0.717,,0.730,,0.735,,0.729,,..,,..,,..,,0.696,,0.749,,0.793,,0.798,,0.803,,0.806,,0.810,
Luxembourg,0.603,,0.640,,0.656,,0.700,,0.764,,0.765,,0.764,,0.766,,0.768,,0.771,,0.821,,0.845,,0.868,,0.887,,0.906,,0.927,,0.931,,0.935,,0.938,,0.946,,0.780,,0.818,,0.860,,0.874,,0.899,,0.913,,0.901,,0.914,,0.904,,0.892,,0.728,,0.762,,0.788,,0.816,,0.854,,0.865,,0.863,,0.868,,0.867,,0.867,
Madagascar,..,,..,,..,,..,,0.402,,0.465,,0.471,,0.475,,0.484,,0.497,,0.445,,0.461,,0.485,,0.550,,0.626,,0.696,,0.707,,0.716,,0.723,,0.737,,0.365,,0.331,,0.329,,0.301,,0.310,,0.310,,0.313,,0.316,,0.322,,0.302,,..,,..,,..,,..,,0.427,,0.465,,0.471,,0.476,,0.483,,0.480,
Malawi,0.193,,0.206,,0.239,,0.362,,0.374,,0.370,,0.379,,0.384,,0.393,,0.410,,0.384,,0.412,,0.428,,0.420,,0.411,,0.457,,0.472,,0.488,,0.503,,0.540,,0.265,,0.259,,0.242,,0.257,,0.262,,0.257,,0.261,,0.264,,0.273,,0.289,,0.270,,0.280,,0.291,,0.339,,0.343,,0.351,,0.360,,0.367,,0.377,,0.400,
Malaysia,0.423,,0.498,,0.534,,0.593,,0.654,,0.711,,0.714,,0.713,,0.721,,0.730,,0.747,,0.770,,0.789,,0.807,,0.822,,0.835,,0.838,,0.841,,0.844,,0.855,,0.552,,0.564,,0.595,,0.641,,0.652,,0.676,,0.684,,0.692,,0.694,,0.704,,0.559,,0.600,,0.631,,0.674,,0.705,,0.738,,0.742,,0.746,,0.750,,0.761,
Maldives,0.470,,0.479,,0.447,,0.417,,0.481,,0.528,,0.535,,0.544,,0.552,,0.568,,0.515,,0.589,,0.645,,0.714,,0.794,,0.857,,0.866,,0.873,,0.880,,0.897,,..,,..,,..,,..,,0.501,,0.525,,0.545,,0.553,,0.560,,0.568,,..,,..,,..,,..,,0.576,,0.619,,0.632,,0.640,,0.648,,0.661,
Mali,0.060,,0.067,,0.082,,0.110,,0.160,,0.221,,0.231,,0.244,,0.256,,0.270,,0.309,,0.350,,0.382,,0.406,,0.431,,0.457,,0.464,,0.470,,0.476,,0.496,,0.286,,0.255,,0.270,,0.276,,0.301,,0.322,,0.324,,0.335,,0.338,,0.346,,0.174,,0.182,,0.204,,0.231,,0.275,,0.319,,0.326,,0.338,,0.346,,0.359,
Malta,0.634,,0.644,,0.686,,0.702,,0.744,,0.804,,0.798,,0.792,,0.794,,0.797,,0.836,,0.854,,0.872,,0.889,,0.905,,0.920,,0.923,,0.926,,0.930,,0.941,,0.657,,0.677,,0.713,,0.735,,0.759,,0.759,,0.763,,0.768,,0.771,,0.769,,0.703,,0.720,,0.753,,0.771,,0.799,,0.825,,0.825,,0.826,,0.829,,0.832,
Marshall Islands,..,,..,,..,,..,,0.720,,0.689,,0.689,,0.689,,0.689,,0.689,,0.618,,0.637,,0.667,,0.709,,0.750,,0.788,,0.794,,0.800,,0.806,,0.821,,..,,..,,..,,..,,..,,..,,..,,..,,..,,..,,..,,..,,..,,..,,..,,..,,..,,..,,..,,..,
Mauritania,0.175,,0.185,,0.194,,0.255,,0.298,,0.336,,0.346,,0.353,,0.358,,0.366,,0.521,,0.551,,0.568,,0.579,,0.584,,0.588,,0.589,,0.592,,0.595,,0.609,,0.400,,0.384,,0.400,,0.392,,0.395,,0.408,,0.405,,0.414,,0.416,,0.419,,0.332,,0.339,,0.353,,0.387,,0.410,,0.432,,0.436,,0.442,,0.446,,0.453,
Mauritius,0.425,,0.456,,0.515,,0.557,,0.582,,0.635,,0.644,,0.645,,0.651,,0.659,,0.742,,0.763,,0.780,,0.794,,0.807,,0.828,,0.830,,0.833,,0.835,,0.842,,0.516,,0.538,,0.588,,0.614,,0.646,,0.662,,0.668,,0.677,,0.682,,0.696,,0.546,,0.572,,0.618,,0.648,,0.672,,0.703,,0.709,,0.714,,0.718,,0.728,
Mexico,0.429,,0.493,,0.518,,0.563,,0.631,,0.673,,0.684,,0.695,,0.709,,0.726,,0.735,,0.770,,0.802,,0.833,,0.857,,0.876,,0.880,,0.884,,0.888,,0.898,,0.661,,0.657,,0.657,,0.652,,0.683,,0.690,,0.695,,0.699,,0.700,,0.700,,0.593,,0.629,,0.649,,0.674,,0.718,,0.741,,0.748,,0.755,,0.761,,0.770,
Micronesia (Federated States of),..,,..,,..,,..,,..,,0.677,,0.683,,0.689,,0.689,,0.689,,0.712,,0.720,,0.729,,0.738,,0.746,,0.756,,0.759,,0.761,,0.764,,0.773,,..,,..,,..,,0.499,,0.497,,0.495,,0.494,,0.494,,0.488,,0.484,,..,,..,,..,,..,,..,,0.633,,0.635,,0.637,,0.636,,0.636,
Moldova (Republic of),0.582,,0.620,,0.650,,0.647,,0.675,,0.708,,0.715,,0.716,,0.716,,0.716,,0.704,,0.726,,0.750,,0.740,,0.741,,0.755,,0.757,,0.760,,0.764,,0.778,,..,,..,,..,,0.415,,0.403,,0.469,,0.476,,0.478,,0.489,,0.490,,..,,..,,..,,0.584,,0.586,,0.631,,0.637,,0.638,,0.644,,0.649,
Monaco,..,,..,,..,,..,,..,,..,,..,,..,,..,,..,,0.871,,0.886,,0.902,,0.917,,0.943,,0.967,,0.970,,0.973,,0.975,,0.981,,..,,..,,..,,..,,..,,..,,..,,..,,..,,..,,..,,..,,..,,..,,..,,..,,..,,..,,..,,..,
Mongolia,0.524,,0.557,,0.580,,0.514,,0.586,,0.679,,0.687,,0.698,,0.710,,0.722,,0.589,,0.613,,0.639,,0.650,,0.679,,0.725,,0.734,,0.742,,0.749,,0.765,,..,,0.434,,0.426,,0.417,,0.429,,0.464,,0.474,,0.485,,0.496,,0.505,,..,,0.529,,0.540,,0.519,,0.555,,0.611,,0.621,,0.631,,0.641,,0.653,
Montenegro,..,,..,,..,,..,,..,,0.802,,0.802,,0.802,,0.802,,0.802,,0.846,,0.859,,0.876,,0.882,,0.866,,0.853,,0.852,,0.852,,0.853,,0.861,,..,,..,,..,,..,,..,,0.634,,0.647,,0.660,,0.671,,0.665,,..,,..,,..,,..,,..,,0.757,,0.762,,0.767,,0.771,,0.771,
Morocco,0.181,,0.230,,0.254,,0.299,,0.354,,0.418,,0.422,,0.433,,0.437,,0.447,,0.595,,0.651,,0.696,,0.735,,0.768,,0.795,,0.800,,0.805,,0.810,,0.823,,0.448,,0.447,,0.466,,0.460,,0.479,,0.507,,0.516,,0.518,,0.524,,0.535,,0.364,,0.406,,0.435,,0.466,,0.507,,0.552,,0.559,,0.565,,0.570,,0.582,
Mozambique,0.130,,0.122,,0.116,,0.119,,0.152,,0.198,,0.204,,0.214,,0.217,,0.222,,0.360,,0.358,,0.367,,0.402,,0.431,,0.443,,0.447,,0.452,,0.457,,0.477,,..,,0.161,,0.189,,0.185,,0.225,,0.264,,0.267,,0.277,,0.284,,0.314,,..,,0.192,,0.200,,0.206,,0.245,,0.285,,0.290,,0.299,,0.304,,0.322,
Myanmar,0.212,,0.255,,0.258,,0.302,,0.331,,0.370,,0.379,,0.388,,0.393,,0.404,,0.553,,0.561,,0.588,,0.633,,0.661,,0.677,,0.681,,0.685,,0.691,,0.713,,0.185,,0.202,,0.175,,0.206,,0.251,,0.332,,0.349,,0.364,,0.376,,0.391,,0.279,,0.307,,0.298,,0.340,,0.380,,0.436,,0.448,,0.459,,0.468,,0.483,
Namibia,0.457,,0.493,,0.524,,0.578,,0.586,,0.601,,0.601,,0.608,,0.611,,0.617,,0.597,,0.629,,0.644,,0.638,,0.595,,0.610,,0.623,,0.636,,0.648,,0.670,,..,,0.506,,0.530,,0.549,,0.552,,0.569,,0.577,,0.580,,0.582,,0.591,,..,,0.539,,0.564,,0.587,,0.577,,0.593,,0.600,,0.607,,0.613,,0.625,
Nauru,..,,..,,..,,..,,..,,..,,..,,..,,..,,..,,0.813,,0.838,,0.868,,0.896,,0.919,,0.933,,0.935,,0.937,,0.939,,0.945,,..,,..,,..,,..,,..,,..,,..,,..,,..,,..,,..,,..,,..,,..,,..,,..,,..,,..,,..,,..,
Nepal,0.126,,0.176,,0.257,,0.278,,0.302,,0.328,,0.334,,0.340,,0.345,,0.356,,0.444,,0.490,,0.536,,0.591,,0.656,,0.720,,0.731,,0.742,,0.751,,0.770,,0.253,,0.268,,0.287,,0.299,,0.317,,0.324,,0.329,,0.332,,0.336,,0.351,,0.242,,0.285,,0.340,,0.366,,0.398,,0.424,,0.432,,0.437,,0.443,,0.458,
Netherlands,0.730,,0.756,,0.814,,0.883,,0.892,,0.895,,0.903,,0.911,,0.919,,0.931,,0.878,,0.891,,0.899,,0.907,,0.918,,0.938,,0.942,,0.947,,0.950,,0.958,,0.775,,0.778,,0.797,,0.811,,0.837,,0.840,,0.848,,0.851,,0.847,,0.845,,0.792,,0.806,,0.835,,0.866,,0.882,,0.890,,0.897,,0.902,,0.904,,0.910,
New Zealand,0.834,,0.846,,0.873,,0.944,,0.963,,0.989,,0.991,,0.994,,0.996,,1.000,,0.837,,0.851,,0.871,,0.897,,0.918,,0.940,,0.943,,0.947,,0.950,,0.957,,0.733,,0.743,,0.745,,0.754,,0.766,,0.782,,0.781,,0.783,,0.780,,0.783,,0.800,,0.812,,0.828,,0.861,,0.878,,0.899,,0.901,,0.903,,0.904,,0.908,
Nicaragua,0.336,,0.344,,0.366,,0.409,,0.449,,0.496,,0.502,,0.508,,0.514,,0.525,,0.607,,0.642,,0.697,,0.747,,0.784,,0.820,,0.827,,0.833,,0.838,,0.852,,0.466,,0.448,,0.416,,0.398,,0.430,,0.446,,0.449,,0.453,,0.461,,0.457,,0.457,,0.463,,0.473,,0.495,,0.533,,0.566,,0.571,,0.577,,0.583,,0.589,
Niger,0.057,,0.065,,0.079,,0.092,,0.109,,0.145,,0.150,,0.155,,0.162,,0.177,,0.308,,0.317,,0.338,,0.386,,0.446,,0.499,,0.509,,0.517,,0.526,,0.547,,0.314,,0.274,,0.270,,0.253,,0.247,,0.257,,0.256,,0.254,,0.264,,0.266,,0.177,,0.178,,0.193,,0.208,,0.229,,0.265,,0.269,,0.273,,0.282,,0.295,
Nigeria,..,,..,,..,,..,,..,,0.442,,0.442,,0.442,,0.442,,0.442,,0.402,,0.409,,0.404,,0.396,,0.415,,0.458,,0.466,,0.473,,0.481,,0.503,,0.397,,0.359,,0.364,,0.366,,0.366,,0.391,,0.409,,0.409,,0.416,,0.434,,..,,..,,..,,..,,..,,0.429,,0.438,,0.441,,0.446,,0.459,
Norway,0.725,,0.765,,0.820,,0.872,,0.946,,0.991,,0.993,,0.992,,0.987,,0.985,,0.877,,0.883,,0.891,,0.910,,0.926,,0.944,,0.948,,0.951,,0.955,,0.964,,0.792,,0.815,,0.823,,0.847,,0.869,,0.883,,0.884,,0.886,,0.885,,0.883,,0.796,,0.819,,0.844,,0.876,,0.913,,0.938,,0.940,,0.942,,0.941,,0.943,
Occupied Palestinian Territory,..,,..,,..,,..,,..,,..,,..,,..,,..,,0.674,,0.674,,0.724,,0.758,,0.784,,0.803,,0.816,,0.819,,0.822,,0.825,,0.833,,0.469,,0.446,,0.466,,0.483,,0.494,,0.473,,0.462,,0.468,,0.462,,0.470,,..,,..,,..,,..,,..,,..,,..,,..,,..,,0.641,
Oman,..,,..,,..,,..,,..,,0.530,,0.533,,0.535,,0.537,,0.539,,0.643,,0.726,,0.798,,0.834,,0.851,,0.843,,0.838,,0.835,,0.832,,0.836,,0.664,,0.724,,0.718,,0.735,,0.740,,0.746,,0.753,,0.759,,0.774,,0.778,,..,,..,,..,,..,,..,,0.694,,0.695,,0.697,,0.702,,0.705,
Pakistan,0.211,,0.231,,0.241,,0.266,,0.288,,0.358,,0.358,,0.374,,0.378,,0.386,,0.597,,0.621,,0.642,,0.663,,0.680,,0.695,,0.698,,0.702,,0.705,,0.717,,0.366,,0.395,,0.411,,0.421,,0.423,,0.445,,0.450,,0.455,,0.455,,0.464,,0.359,,0.384,,0.399,,0.420,,0.436,,0.480,,0.483,,0.493,,0.495,,0.504,
Palau,..,,..,,..,,..,,0.883,,0.890,,0.890,,0.890,,0.890,,0.890,,0.618,,0.638,,0.667,,0.709,,0.750,,0.785,,0.791,,0.797,,0.802,,0.817,,..,,..,,..,,0.699,,0.699,,0.700,,0.701,,0.703,,0.666,,0.656,,..,,..,,..,,..,,0.774,,0.788,,0.790,,0.793,,0.781,,0.782,
Panama,0.541,,0.574,,0.599,,0.643,,0.696,,0.731,,0.735,,0.735,,0.737,,0.743,,0.787,,0.809,,0.825,,0.840,,0.855,,0.869,,0.872,,0.874,,0.877,,0.885,,0.582,,0.603,,0.581,,0.605,,0.623,,0.637,,0.646,,0.661,,0.673,,0.690,,0.628,,0.654,,0.660,,0.689,,0.718,,0.740,,0.745,,0.752,,0.758,,0.768,
Papua New Guinea,0.141,,0.186,,0.222,,0.260,,0.297,,0.316,,0.320,,0.324,,0.327,,0.335,,0.517,,0.547,,0.561,,0.588,,0.611,,0.639,,0.645,,0.651,,0.657,,0.675,,0.421,,0.411,,0.400,,0.437,,0.417,,0.407,,0.401,,0.424,,0.429,,0.447,,0.313,,0.347,,0.368,,0.406,,0.423,,0.435,,0.436,,0.447,,0.452,,0.466,
Paraguay,0.410,,0.445,,0.466,,0.522,,0.556,,0.606,,0.610,,0.613,,0.624,,0.643,,0.737,,0.745,,0.757,,0.771,,0.789,,0.808,,0.812,,0.815,,0.818,,0.828,,0.532,,0.519,,0.532,,0.540,,0.522,,0.524,,0.527,,0.533,,0.539,,0.552,,0.544,,0.557,,0.572,,0.601,,0.612,,0.635,,0.639,,0.643,,0.650,,0.665,
Peru,0.515,,0.555,,0.592,,0.629,,0.673,,0.681,,0.688,,0.692,,0.696,,0.704,,0.631,,0.678,,0.719,,0.757,,0.796,,0.828,,0.832,,0.837,,0.841,,0.852,,0.582,,0.565,,0.540,,0.562,,0.571,,0.584,,0.591,,0.602,,0.616,,0.634,,0.574,,0.597,,0.612,,0.644,,0.674,,0.691,,0.697,,0.704,,0.712,,0.725,
Philippines,0.525,,0.556,,0.578,,0.607,,0.636,,0.666,,0.665,,0.672,,0.680,,0.684,,0.681,,0.697,,0.712,,0.726,,0.738,,0.748,,0.750,,0.753,,0.757,,0.769,,0.466,,0.433,,0.452,,0.457,,0.465,,0.483,,0.486,,0.494,,0.498,,0.508,,0.550,,0.552,,0.571,,0.586,,0.602,,0.622,,0.624,,0.630,,0.635,,0.644,
Poland,0.638,,0.666,,0.676,,0.733,,0.789,,0.810,,0.812,,0.814,,0.816,,0.822,,0.802,,0.804,,0.803,,0.817,,0.847,,0.869,,0.872,,0.875,,0.877,,0.885,,..,,..,,..,,0.642,,0.682,,0.702,,0.710,,0.718,,0.727,,0.739,,..,,..,,..,,0.727,,0.770,,0.791,,0.795,,0.800,,0.804,,0.813,
Portugal,0.472,,0.527,,0.568,,0.658,,0.691,,0.701,,0.704,,0.716,,0.727,,0.739,,0.809,,0.839,,0.856,,0.871,,0.892,,0.914,,0.919,,0.923,,0.927,,0.938,,0.682,,0.680,,0.729,,0.740,,0.764,,0.766,,0.765,,0.768,,0.767,,0.763,,0.639,,0.670,,0.708,,0.751,,0.778,,0.789,,0.791,,0.798,,0.802,,0.809,
Qatar,0.455,,0.521,,0.553,,0.578,,0.590,,0.656,,0.655,,0.649,,0.638,,0.623,,0.806,,0.831,,0.853,,0.872,,0.889,,0.906,,0.909,,0.911,,0.914,,0.921,,0.946,,0.890,,0.868,,0.870,,0.918,,0.920,,0.914,,0.950,,0.965,,1.000,,0.703,,0.728,,0.743,,0.760,,0.784,,0.818,,0.816,,0.825,,0.825,,0.831,
Romania,0.658,,0.684,,0.705,,0.680,,0.725,,0.781,,0.792,,0.805,,0.821,,0.831,,0.782,,0.783,,0.779,,0.779,,0.796,,0.826,,0.831,,0.836,,0.840,,0.851,,..,,..,,0.624,,0.612,,0.603,,0.649,,0.658,,0.670,,0.682,,0.674,,..,,..,,0.700,,0.687,,0.704,,0.748,,0.757,,0.767,,0.778,,0.781,
Russian Federation,0.623,,0.662,,0.688,,0.679,,0.733,,0.769,,0.773,,0.778,,0.783,,0.784,,0.750,,0.764,,0.758,,0.726,,0.710,,0.727,,0.736,,0.745,,0.753,,0.770,,..,,..,,..,,0.624,,0.634,,0.680,,0.691,,0.704,,0.711,,0.713,,..,,..,,..,,0.675,,0.691,,0.725,,0.733,,0.742,,0.748,,0.755,
Rwanda,0.155,,0.197,,0.217,,0.238,,0.267,,0.339,,0.361,,0.376,,0.384,,0.407,,0.445,,0.463,,0.202,,0.165,,0.419,,0.509,,0.521,,0.532,,0.540,,0.559,,0.303,,0.295,,0.286,,0.261,,0.274,,0.307,,0.316,,0.323,,0.334,,0.348,,0.275,,0.300,,0.232,,0.217,,0.313,,0.376,,0.390,,0.401,,0.411,,0.429,
Saint Kitts and Nevis,..,,..,,..,,..,,..,,..,,..,,..,,..,,0.693,,0.710,,0.726,,0.746,,0.767,,0.792,,0.815,,0.819,,0.823,,0.827,,0.838,,0.550,,0.577,,0.632,,0.660,,0.673,,0.687,,0.695,,0.698,,0.710,,0.684,,..,,..,,..,,..,,..,,..,,..,,..,,..,,0.735,
Saint Lucia,..,,..,,..,,..,,..,,..,,..,,..,,..,,0.693,,0.774,,0.797,,0.803,,0.810,,0.815,,0.837,,0.842,,0.847,,0.852,,0.862,,..,,0.538,,0.601,,0.613,,0.624,,0.627,,0.637,,0.637,,0.635,,0.632,,..,,..,,..,,..,,..,,..,,..,,..,,..,,0.723,
Saint Vincent and the Grenadines,..,,..,,..,,..,,..,,..,,..,,..,,..,,0.712,,0.723,,0.753,,0.777,,0.789,,0.795,,0.806,,0.809,,0.812,,0.816,,0.825,,0.469,,0.500,,0.536,,0.545,,0.578,,0.603,,0.617,,0.630,,0.631,,0.628,,..,,..,,..,,..,,..,,..,,..,,..,,..,,0.717,
Samoa,..,,..,,..,,..,,0.744,,0.750,,0.750,,0.750,,0.750,,0.750,,0.630,,0.669,,0.708,,0.746,,0.778,,0.802,,0.807,,0.811,,0.815,,0.827,,..,,0.480,,0.523,,0.464,,0.490,,0.514,,0.523,,0.525,,0.532,,0.526,,..,,..,,..,,..,,0.657,,0.676,,0.682,,0.684,,0.688,,0.688,
San Marino,..,,..,,..,,..,,..,,..,,..,,..,,..,,..,,0.894,,0.909,,0.925,,0.941,,0.955,,0.965,,0.967,,0.968,,0.970,,0.975,,..,,..,,..,,..,,..,,..,,..,,..,,..,,..,,..,,..,,..,,..,,..,,..,,..,,..,,..,,..,
Sao Tome and Principe,..,,..,,..,,..,,0.421,,0.438,,0.437,,0.443,,0.438,,0.452,,0.623,,0.634,,0.646,,0.658,,0.669,,0.682,,0.686,,0.689,,0.693,,0.705,,..,,..,,..,,..,,..,,0.376,,0.390,,0.399,,0.402,,0.413,,..,,..,,..,,..,,..,,0.483,,0.489,,0.496,,0.496,,0.509,
Saudi Arabia,0.493,,0.530,,0.570,,0.595,,0.623,,0.651,,0.660,,0.669,,0.676,,0.689,,0.666,,0.725,,0.767,,0.792,,0.809,,0.829,,0.832,,0.836,,0.840,,0.850,,0.838,,0.776,,0.762,,0.759,,0.757,,0.770,,0.772,,0.770,,0.773,,0.781,,0.651,,0.668,,0.693,,0.710,,0.726,,0.746,,0.751,,0.755,,0.760,,0.770,
Senegal,0.194,,0.224,,0.247,,0.269,,0.296,,0.345,,0.351,,0.367,,0.378,,0.385,,0.431,,0.490,,0.524,,0.542,,0.564,,0.590,,0.595,,0.600,,0.605,,0.620,,0.382,,0.379,,0.375,,0.372,,0.382,,0.396,,0.398,,0.400,,0.402,,0.406,,0.317,,0.347,,0.365,,0.378,,0.399,,0.432,,0.436,,0.445,,0.451,,0.459,
Serbia,0.636,,0.667,,0.697,,0.726,,0.747,,0.766,,0.770,,0.775,,0.781,,0.790,,0.793,,0.799,,0.813,,0.820,,0.831,,0.846,,0.848,,0.851,,0.853,,0.860,,..,,..,,..,,..,,0.599,,0.635,,0.642,,0.652,,0.659,,0.663,,..,,..,,..,,..,,0.719,,0.744,,0.749,,0.754,,0.760,,0.766,
Seychelles,..,,..,,..,,..,,0.740,,0.739,,0.742,,0.745,,0.747,,0.747,,0.754,,0.777,,0.794,,0.805,,0.817,,0.829,,0.832,,0.834,,0.837,,0.845,,0.667,,0.665,,0.698,,0.707,,0.738,,0.732,,0.740,,0.749,,0.738,,0.733,,..,,..,,..,,..,,0.764,,0.766,,0.770,,0.775,,0.773,,0.773,
Sierra Leone,0.145,,0.180,,0.182,,0.217,,0.262,,0.287,,0.291,,0.294,,0.297,,0.304,,0.364,,0.361,,0.296,,0.272,,0.312,,0.383,,0.396,,0.407,,0.417,,0.438,,0.289,,0.276,,0.258,,0.231,,0.197,,0.261,,0.263,,0.271,,0.277,,0.286,,0.248,,0.262,,0.241,,0.239,,0.252,,0.306,,0.312,,0.319,,0.325,,0.336,
Singapore,..,,..,,..,,..,,0.655,,0.709,,0.720,,0.729,,0.740,,0.751,,0.814,,0.838,,0.877,,0.907,,0.926,,0.947,,0.951,,0.954,,0.957,,0.964,,0.709,,0.746,,0.788,,0.827,,0.847,,0.866,,0.876,,0.884,,0.883,,0.897,,..,,..,,..,,..,,0.801,,0.835,,0.843,,0.850,,0.855,,0.866,
Slovakia,0.731,,0.739,,0.746,,0.775,,0.814,,0.858,,0.864,,0.871,,0.874,,0.875,,0.797,,0.801,,0.808,,0.823,,0.841,,0.856,,0.859,,0.862,,0.865,,0.875,,..,,..,,0.691,,0.667,,0.691,,0.722,,0.734,,0.748,,0.758,,0.759,,..,,..,,0.747,,0.752,,0.779,,0.810,,0.817,,0.825,,0.831,,0.834,
Slovenia,0.556,,0.634,,0.670,,0.701,,0.783,,0.860,,0.877,,0.892,,0.907,,0.933,,0.805,,0.816,,0.837,,0.857,,0.881,,0.910,,0.916,,0.921,,0.926,,0.936,,..,,..,,..,,0.727,,0.757,,0.781,,0.788,,0.795,,0.800,,0.790,,..,,..,,..,,0.759,,0.805,,0.848,,0.858,,0.868,,0.875,,0.884,
Solomon Islands,..,,..,,..,,..,,0.366,,0.408,,0.422,,0.427,,0.427,,0.427,,0.612,,0.586,,0.578,,0.626,,0.675,,0.717,,0.723,,0.730,,0.736,,0.755,,..,,..,,..,,0.414,,0.444,,0.433,,0.440,,0.440,,0.434,,0.413,,..,,..,,..,,..,,0.479,,0.502,,0.512,,0.515,,0.514,,0.510,
Somalia,..,,..,,..,,..,,..,,..,,..,,..,,..,,..,,0.361,,0.399,,0.387,,0.390,,0.447,,0.471,,0.474,,0.477,,0.480,,0.492,,..,,..,,..,,..,,..,,..,,..,,..,,..,,..,,..,,..,,..,,..,,..,,..,,..,,..,,..,,..,
South Africa,0.486,,0.486,,0.572,,0.691,,0.690,,0.689,,0.692,,0.695,,0.699,,0.705,,0.582,,0.628,,0.655,,0.629,,0.549,,0.491,,0.489,,0.491,,0.495,,0.517,,0.634,,0.625,,0.622,,0.615,,0.617,,0.635,,0.641,,0.645,,0.649,,0.652,,0.564,,0.576,,0.615,,0.644,,0.616,,0.599,,0.601,,0.604,,0.608,,0.619,
Spain,0.529,,0.570,,0.619,,0.734,,0.801,,0.830,,0.836,,0.846,,0.857,,0.874,,0.869,,0.890,,0.900,,0.913,,0.932,,0.947,,0.950,,0.953,,0.957,,0.969,,0.720,,0.726,,0.756,,0.765,,0.790,,0.802,,0.805,,0.806,,0.805,,0.799,,0.691,,0.717,,0.749,,0.801,,0.839,,0.857,,0.862,,0.866,,0.871,,0.878,
Sri Lanka,0.523,,0.549,,0.590,,0.620,,0.646,,0.668,,0.671,,0.673,,0.675,,0.680,,0.759,,0.776,,0.781,,0.775,,0.803,,0.851,,0.855,,0.857,,0.859,,0.867,,0.394,,0.415,,0.430,,0.459,,0.488,,0.509,,0.519,,0.528,,0.533,,0.559,,0.539,,0.561,,0.583,,0.604,,0.633,,0.662,,0.667,,0.673,,0.676,,0.691,
Sudan*,0.120,,0.134,,0.163,,0.192,,0.217,,0.234,,0.237,,0.239,,0.242,,0.247,,0.462,,0.488,,0.513,,0.541,,0.583,,0.624,,0.629,,0.634,,0.639,,0.654,,0.332,,0.309,,0.315,,0.334,,0.359,,0.386,,0.398,,0.406,,0.412,,0.421,,0.264,,0.273,,0.298,,0.326,,0.357,,0.383,,0.390,,0.395,,0.399,,0.408,
Suriname,..,,..,,..,,..,,..,,0.636,,0.636,,0.636,,0.636,,0.636,,0.723,,0.740,,0.748,,0.753,,0.755,,0.770,,0.774,,0.780,,0.785,,0.798,,0.569,,0.582,,0.567,,0.559,,0.556,,0.585,,0.590,,0.600,,0.607,,0.619,,..,,..,,..,,..,,..,,0.659,,0.662,,0.668,,0.672,,0.680,
Swaziland,0.367,,0.414,,0.451,,0.480,,0.496,,0.534,,0.552,,0.564,,0.569,,0.578,,0.541,,0.591,,0.622,,0.575,,0.453,,0.408,,0.414,,0.423,,0.432,,0.453,,..,,..,,0.517,,0.519,,0.532,,0.550,,0.543,,0.547,,0.546,,0.545,,..,,..,,0.526,,0.523,,0.492,,0.493,,0.499,,0.507,,0.512,,0.522,
Sweden,0.721,,0.730,,0.759,,0.860,,0.937,,0.909,,0.904,,0.900,,0.902,,0.904,,0.881,,0.896,,0.909,,0.926,,0.941,,0.954,,0.956,,0.959,,0.962,,0.969,,0.762,,0.772,,0.786,,0.785,,0.812,,0.830,,0.836,,0.841,,0.841,,0.842,,0.785,,0.796,,0.816,,0.855,,0.894,,0.896,,0.898,,0.899,,0.900,,0.904,
Switzerland,0.744,,0.743,,0.762,,0.791,,0.830,,0.852,,0.856,,0.860,,0.865,,0.872,,0.878,,0.894,,0.909,,0.924,,0.945,,0.967,,0.970,,0.973,,0.976,,0.983,,0.813,,0.823,,0.836,,0.830,,0.848,,0.855,,0.857,,0.852,,0.841,,0.858,,0.810,,0.817,,0.833,,0.846,,0.873,,0.890,,0.893,,0.893,,0.892,,0.903,
Syrian Arab Republic,0.331,,0.392,,0.425,,0.428,,0.455,,0.529,,0.532,,0.535,,0.534,,0.534,,0.729,,0.770,,0.806,,0.834,,0.853,,0.867,,0.869,,0.872,,0.874,,0.881,,0.509,,0.502,,0.480,,0.521,,0.511,,0.522,,0.527,,0.530,,0.533,,0.537,,0.497,,0.533,,0.548,,0.571,,0.583,,0.621,,0.624,,0.628,,0.629,,0.632,
Tajikistan,0.621,,0.660,,0.690,,0.666,,0.659,,0.697,,0.701,,0.698,,0.706,,0.704,,0.668,,0.684,,0.677,,0.667,,0.687,,0.717,,0.723,,0.729,,0.735,,0.750,,..,,..,,..,,0.331,,0.323,,0.381,,0.391,,0.399,,0.410,,0.425,,..,,..,,..,,0.528,,0.527,,0.575,,0.583,,0.588,,0.597,,0.607,
Tanzania (United Republic of),0.287,,0.288,,0.297,,0.314,,0.331,,0.416,,0.428,,0.445,,0.448,,0.454,,0.481,,0.492,,0.483,,0.467,,0.480,,0.527,,0.539,,0.552,,0.565,,0.603,,..,,..,,0.304,,0.295,,0.305,,0.338,,0.341,,0.347,,0.355,,0.370,,..,,..,,0.352,,0.351,,0.364,,0.420,,0.429,,0.440,,0.448,,0.466,
Thailand,0.361,,0.400,,0.417,,0.462,,0.516,,0.565,,0.569,,0.584,,0.586,,0.597,,0.718,,0.790,,0.828,,0.824,,0.828,,0.839,,0.842,,0.844,,0.846,,0.854,,0.443,,0.466,,0.526,,0.575,,0.574,,0.596,,0.603,,0.610,,0.612,,0.622,,0.486,,0.528,,0.566,,0.603,,0.626,,0.656,,0.661,,0.670,,0.672,,0.682,
The former Yugoslav Republic of Macedonia,..,,..,,..,,..,,..,,0.663,,0.666,,0.670,,0.695,,0.696,,0.783,,0.791,,0.810,,0.823,,0.835,,0.848,,0.851,,0.854,,0.857,,0.865,,..,,..,,..,,0.594,,0.611,,0.620,,0.626,,0.632,,0.640,,0.641,,..,,..,,..,,..,,..,,0.704,,0.708,,0.712,,0.725,,0.728,
Timor-Leste,..,,..,,..,,..,,0.369,,0.371,,0.371,,0.371,,0.371,,0.371,,0.231,,0.343,,0.406,,0.493,,0.571,,0.625,,0.633,,0.641,,0.648,,0.670,,..,,..,,0.273,,0.325,,0.314,,0.387,,0.424,,0.487,,0.534,,0.487,,..,,..,,..,,..,,0.404,,0.448,,0.464,,0.487,,0.505,,0.495,
Togo,0.265,,0.264,,0.312,,0.368,,0.419,,0.453,,0.467,,0.461,,0.465,,0.473,,0.468,,0.496,,0.521,,0.538,,0.550,,0.557,,0.559,,0.562,,0.566,,0.585,,0.337,,0.304,,0.306,,0.287,,0.295,,0.290,,0.294,,0.294,,0.293,,0.297,,0.347,,0.341,,0.368,,0.384,,0.408,,0.419,,0.425,,0.424,,0.426,,0.435,
Tonga,0.643,,0.678,,0.710,,0.747,,0.751,,0.778,,0.781,,0.783,,0.786,,0.790,,0.749,,0.768,,0.782,,0.791,,0.801,,0.812,,0.815,,0.817,,0.819,,0.825,,..,,0.496,,0.491,,0.514,,0.524,,0.533,,0.534,,0.532,,0.534,,0.535,,..,,0.637,,0.649,,0.672,,0.681,,0.696,,0.698,,0.698,,0.700,,0.704,
Trinidad and Tobago,0.574,,0.592,,0.609,,0.625,,0.649,,0.669,,0.685,,0.701,,0.705,,0.712,,0.745,,0.760,,0.771,,0.773,,0.764,,0.769,,0.772,,0.776,,0.780,,0.791,,0.713,,0.685,,0.659,,0.662,,0.695,,0.752,,0.769,,0.781,,0.769,,0.782,,0.673,,0.675,,0.676,,0.684,,0.701,,0.728,,0.741,,0.752,,0.751,,0.760,
Tunisia,0.270,,0.334,,0.396,,0.463,,0.533,,0.597,,0.608,,0.617,,0.629,,0.645,,0.663,,0.720,,0.767,,0.808,,0.829,,0.844,,0.846,,0.849,,0.852,,0.860,,0.509,,0.519,,0.524,,0.535,,0.566,,0.588,,0.597,,0.602,,0.607,,0.614,,0.450,,0.500,,0.542,,0.585,,0.630,,0.667,,0.675,,0.681,,0.688,,0.698,
Turkey,0.298,,0.371,,0.410,,0.443,,0.503,,0.548,,0.562,,0.572,,0.575,,0.583,,0.576,,0.633,,0.679,,0.727,,0.780,,0.822,,0.828,,0.833,,0.838,,0.851,,0.576,,0.594,,0.622,,0.631,,0.649,,0.671,,0.679,,0.684,,0.683,,0.689,,0.463,,0.518,,0.558,,0.588,,0.634,,0.671,,0.681,,0.688,,0.691,,0.699,
Turkmenistan,..,,..,,..,,..,,..,,0.739,,0.739,,0.739,,0.739,,0.739,,0.646,,0.668,,0.674,,0.679,,0.693,,0.701,,0.702,,0.703,,0.704,,0.710,,..,,..,,..,,0.434,,0.442,,0.540,,0.555,,0.569,,0.580,,0.615,,..,,..,,..,,..,,..,,0.654,,0.661,,0.666,,0.671,,0.686,
Tuvalu,..,,..,,..,,..,,..,,..,,..,,..,,..,,..,,0.566,,0.606,,0.650,,0.677,,0.690,,0.713,,0.718,,0.724,,0.729,,0.744,,..,,..,,..,,..,,..,,..,,..,,..,,..,,..,,..,,..,,..,,..,,..,,..,,..,,..,,..,,..,
Uganda,0.180,,0.240,,0.262,,0.324,,0.428,,0.436,,0.439,,0.446,,0.459,,0.475,,0.475,,0.468,,0.431,,0.392,,0.412,,0.476,,0.489,,0.501,,0.512,,0.538,,..,,0.226,,0.235,,0.260,,0.292,,0.311,,0.322,,0.331,,0.339,,0.347,,..,,0.294,,0.299,,0.321,,0.372,,0.401,,0.410,,0.420,,0.430,,0.446,
Ukraine,0.627,,0.669,,0.711,,0.745,,0.782,,0.839,,0.845,,0.851,,0.855,,0.858,,0.778,,0.792,,0.786,,0.756,,0.747,,0.749,,0.749,,0.750,,0.753,,0.765,,..,,..,,0.632,,0.522,,0.513,,0.574,,0.585,,0.597,,0.601,,0.591,,..,,..,,0.707,,0.665,,0.669,,0.712,,0.718,,0.725,,0.729,,0.729,
United Arab Emirates,0.343,,0.391,,0.462,,0.522,,0.573,,0.671,,0.686,,0.702,,0.718,,0.741,,0.760,,0.791,,0.817,,0.838,,0.858,,0.875,,0.878,,0.881,,0.884,,0.892,,0.953,,0.896,,0.871,,0.868,,0.869,,0.895,,0.909,,0.915,,0.918,,0.916,,0.629,,0.652,,0.690,,0.724,,0.753,,0.807,,0.818,,0.827,,0.835,,0.846,
United Kingdom,0.656,,0.669,,0.688,,0.770,,0.778,,0.809,,0.798,,0.799,,0.808,,0.815,,0.844,,0.861,,0.877,,0.893,,0.910,,0.931,,0.934,,0.938,,0.941,,0.949,,0.745,,0.759,,0.781,,0.792,,0.815,,0.832,,0.833,,0.837,,0.838,,0.832,,0.744,,0.759,,0.778,,0.816,,0.833,,0.855,,0.853,,0.856,,0.860,,0.863,
United States,0.868,,0.889,,0.917,,0.935,,0.937,,0.931,,0.930,,0.933,,0.936,,0.939,,0.851,,0.861,,0.871,,0.884,,0.896,,0.908,,0.911,,0.913,,0.916,,0.923,,0.793,,0.809,,0.825,,0.834,,0.859,,0.869,,0.872,,0.871,,0.869,,0.869,,0.837,,0.853,,0.870,,0.883,,0.897,,0.902,,0.904,,0.905,,0.907,,0.910,
Uruguay,0.581,,0.610,,0.640,,0.653,,0.707,,0.730,,0.740,,0.753,,0.753,,0.763,,0.792,,0.813,,0.828,,0.845,,0.863,,0.881,,0.884,,0.887,,0.890,,0.899,,0.619,,0.581,,0.609,,0.635,,0.654,,0.651,,0.658,,0.667,,0.678,,0.700,,0.658,,0.660,,0.686,,0.705,,0.736,,0.748,,0.755,,0.764,,0.769,,0.783,
Uzbekistan,..,,..,,..,,..,,..,,0.714,,0.712,,0.714,,0.709,,0.711,,0.717,,0.741,,0.739,,0.732,,0.741,,0.745,,0.746,,0.748,,0.751,,0.762,,..,,..,,..,,0.382,,0.398,,0.429,,0.435,,0.445,,0.457,,0.486,,..,,..,,..,,..,,..,,0.611,,0.614,,0.619,,0.624,,0.641,
Vanuatu,..,,..,,..,,..,,..,,..,,..,,..,,..,,0.554,,0.605,,0.645,,0.679,,0.715,,0.748,,0.776,,0.781,,0.786,,0.791,,0.805,,..,,0.513,,0.512,,0.500,,0.515,,0.501,,0.510,,0.515,,0.526,,0.527,,..,,..,,..,,..,,..,,..,,..,,..,,..,,0.617,
Venezuela (Bolivarian Republic of),0.466,,0.485,,0.476,,0.502,,0.524,,0.602,,0.625,,0.649,,0.672,,0.692,,0.760,,0.784,,0.805,,0.817,,0.827,,0.839,,0.842,,0.846,,0.849,,0.858,,0.681,,0.647,,0.651,,0.658,,0.651,,0.656,,0.669,,0.680,,0.683,,0.669,,0.623,,0.627,,0.629,,0.646,,0.656,,0.692,,0.706,,0.720,,0.730,,0.735,
Viet Nam,0.403,,0.400,,0.371,,0.415,,0.454,,0.477,,0.483,,0.488,,0.493,,0.503,,0.563,,0.649,,0.719,,0.781,,0.821,,0.849,,0.853,,0.856,,0.860,,0.870,,..,,..,,0.307,,0.355,,0.396,,0.436,,0.445,,0.454,,0.461,,0.478,,..,,..,,0.435,,0.486,,0.528,,0.561,,0.568,,0.575,,0.580,,0.593,
Yemen,0.033,,0.060,,0.096,,0.142,,0.198,,0.262,,0.272,,0.282,,0.291,,0.310,,0.456,,0.530,,0.571,,0.590,,0.626,,0.673,,0.681,,0.689,,0.697,,0.718,,..,,..,,..,,0.398,,0.422,,0.428,,0.432,,0.432,,0.432,,0.444,,..,,..,,..,,0.322,,0.374,,0.422,,0.431,,0.438,,0.444,,0.462,
Zambia,0.336,,0.385,,0.406,,0.462,,0.456,,0.471,,0.473,,0.475,,0.476,,0.480,,0.505,,0.492,,0.434,,0.371,,0.347,,0.386,,0.400,,0.414,,0.428,,0.458,,0.379,,0.351,,0.346,,0.318,,0.322,,0.338,,0.334,,0.338,,0.347,,0.362,,0.401,,0.405,,0.394,,0.379,,0.371,,0.394,,0.398,,0.405,,0.413,,0.430,
Zimbabwe,0.306,,0.452,,0.451,,0.494,,0.510,,0.546,,0.550,,0.554,,0.558,,0.566,,0.618,,0.654,,0.640,,0.523,,0.389,,0.378,,0.391,,0.409,,0.429,,0.495,,0.258,,0.260,,0.266,,0.257,,0.258,,0.203,,0.195,,0.189,,0.161,,0.190,,0.366,,0.425,,0.425,,0.405,,0.372,,0.347,,0.348,,0.350,,0.338,,0.376,
,,,,,,,,,,,,,,,,,,,,,,,,,,,,,,,,,,,,,,,,,,,,,,,,,,,,,,,,,,,,,,,,,,,,,,,,,,,,,,,,
Very high human development,0.706,,0.734,,0.770,,0.820,,0.851,,0.877,,0.879,,0.883,,0.888,,0.894,,0.843,,0.861,,0.876,,0.892,,0.910,,0.929,,0.932,,0.935,,0.938,,0.946,,0.756,,0.769,,0.789,,0.794,,0.814,,0.826,,0.830,,0.832,,0.831,,0.832,,0.766,,0.786,,0.810,,0.834,,0.858,,0.876,,0.879,,0.882,,0.885,,0.889,
High human development,0.518,,0.555,,0.581,,0.608,,0.653,,0.692,,0.695,,0.701,,0.707,,0.715,,0.707,,0.728,,0.753,,0.769,,0.787,,0.809,,0.814,,0.819,,0.824,,0.838,,0.631,,0.619,,0.623,,0.620,,0.631,,0.656,,0.663,,0.671,,0.676,,0.681,,0.614,a,0.630,,0.648,a,0.662,,0.687,,0.716,,0.721,,0.728,,0.733,,0.741,
Medium human development,0.332,,0.367,,0.401,,0.443,,0.482,,0.529,,0.534,,0.545,,0.551,,0.561,,0.653,,0.680,,0.703,,0.722,,0.740,,0.758,,0.762,,0.766,,0.771,,0.784,,0.342,,0.366,,0.393,,0.431,,0.461,,0.504,,0.516,,0.530,,0.539,,0.568,,0.420,a,0.450,,0.480,,0.517,,0.548,,0.587,,0.595,,0.605,,0.612,,0.630,
Low human development,0.196,,0.228,,0.246,,0.277,,0.305,,0.361,,0.368,,0.377,,0.383,,0.392,,0.475,,0.496,,0.511,,0.522,,0.542,,0.572,,0.579,,0.585,,0.592,,0.611,,0.338,,0.328,,0.333,,0.332,,0.341,,0.364,,0.373,,0.379,,0.383,,0.396,,0.316,,0.334,,0.347,,0.363,,0.383,,0.422,,0.430,,0.437,,0.443,,0.456,
Arab States (RB),0.251,,0.306,,0.347,,0.391,,0.439,,0.486,,0.494,,0.502,,0.508,,0.519,,0.582,,0.630,,0.681,,0.718,,0.750,,0.773,,0.777,,0.781,,0.784,,0.797,,0.597,,0.579,,0.581,,0.578,,0.586,,0.602,,0.610,,0.618,,0.626,,0.637,,0.444,,0.481,,0.516,,0.545,,0.578,,0.609,,0.617,,0.623,,0.629,,0.641,
Europe and Central Asia (RB),0.598,,0.632,,0.654,,0.668,,0.712,,0.752,,0.755,,0.759,,0.762,,0.763,,0.744,,0.759,,0.760,,0.752,,0.761,,0.781,,0.786,,0.791,,0.796,,0.809,,0.599,,0.613,,0.633,,0.604,,0.619,,0.657,,0.667,,0.676,,0.682,,0.686,,0.644,a,0.665,,0.680,a,0.672,,0.695,,0.728,,0.734,,0.741,,0.745,,0.751,
East Asia and the Pacific (RB),0.372,,0.400,,0.432,,0.478,,0.529,,0.570,,0.578,,0.589,,0.598,,0.611,,0.707,,0.734,,0.756,,0.773,,0.788,,0.805,,0.808,,0.812,,0.816,,0.827,,0.299,,0.337,,0.378,,0.435,,0.472,,0.524,,0.538,,0.554,,0.565,,0.597,,0.428,a,0.463,,0.498,a,0.544,,0.581,,0.622,,0.631,,0.642,,0.651,,0.671,
South Asia (RB),0.231,,0.273,,0.310,,0.341,,0.363,,0.417,,0.425,,0.435,,0.440,,0.450,,0.555,,0.581,,0.611,,0.638,,0.666,,0.693,,0.699,,0.704,,0.709,,0.724,,0.352,,0.371,,0.384,,0.403,,0.425,,0.458,,0.467,,0.478,,0.481,,0.507,,0.356,,0.389,,0.418,,0.444,,0.468,,0.510,,0.518,,0.527,,0.532,,0.548,
Latin America and the Caribbean (RB),0.457,,0.500,,0.528,,0.567,,0.615,,0.654,,0.660,,0.667,,0.676,,0.687,,0.700,,0.731,,0.760,,0.788,,0.813,,0.834,,0.838,,0.842,,0.846,,0.858,,0.618,,0.602,,0.605,,0.616,,0.627,,0.637,,0.643,,0.650,,0.654,,0.661,,0.582,,0.604,,0.624,,0.650,,0.680,,0.703,,0.708,,0.715,,0.720,,0.731,
Sub-Saharan Africa (RB),0.251,,0.283,,0.306,,0.348,,0.359,,0.401,,0.407,,0.416,,0.423,,0.428,,0.444,,0.462,,0.466,,0.461,,0.465,,0.494,,0.502,,0.511,,0.519,,0.543,,0.435,,0.401,,0.395,,0.384,,0.387,,0.403,,0.411,,0.415,,0.419,,0.427,,0.365,,0.374,,0.383,,0.395,,0.401,,0.431,,0.438,,0.445,,0.451,,0.463,
Least developed countries,0.183,,0.208,,0.232,,0.262,,0.291,,0.335,,0.344,,0.352,,0.360,,0.369,,0.450,,0.475,,0.493,,0.513,,0.543,,0.578,,0.585,,0.592,,0.598,,0.617,,0.291,,0.279,,0.287,,0.286,,0.303,,0.332,,0.341,,0.350,,0.356,,0.370,,0.288,a,0.302,,0.320,a,0.338,,0.363,,0.401,,0.409,,0.418,,0.425,,0.439,
SIDS,0.431,,0.471,,0.505,,0.523,,0.549,,0.574,,0.579,,0.586,,0.590,,0.592,,0.671,,0.691,,0.706,,0.724,,0.741,,0.760,,0.764,,0.768,,0.772,,0.783,,0.512,,0.509,,0.506,,0.500,,0.519,,0.536,,0.546,,0.556,,0.559,,0.566,,0.529,a,0.549,,0.565,a,0.574,,0.596,a,0.616,,0.623,,0.630,,0.634,,0.640,
World,0.439,,0.465,,0.489,,0.520,,0.550,,0.590,,0.591,,0.599,,0.604,,0.610,,0.677,,0.698,,0.715,,0.728,,0.744,,0.762,,0.766,,0.770,,0.774,,0.786,,0.585,,0.588,,0.600,,0.607,,0.624,,0.640,,0.646,,0.651,,0.653,,0.661,,0.558,a,0.576,,0.594,,0.613,,0.634,,0.660,,0.664,,0.670,,0.674,,0.682,
,,,,,,,,,,,,,,,,,,,,,,,,,,,,,,,,,,,,,,,,,,,,,,,,,,,,,,,,,,,,,,,,,,,,,,,,,,,,,,,,
Footnotes,,,,,,,,,,,,,,,,,,,,,,,,,,,,,,,,,,,,,,,,,,,,,,,,,,,,,,,,,,,,,,,,,,,,,,,,,,,,,,,,
a. Based on less than half the countries in the group or region.,,,,,,,,,,,,,,,,,,,,,,,,,,,,,,,,,,,,,,,,,,,,,,,,,,,,,,,,,,,,,,,,,,,,,,,,,,,,,,,,
,,,,,,,,,,,,,,,,,,,,,,,,,,,,,,,,,,,,,,,,,,,,,,,,,,,,,,,,,,,,,,,,,,,,,,,,,,,,,,,,
Sources,,,,,,,,,,,,,,,,,,,,,,,,,,,,,,,,,,,,,,,,,,,,,,,,,,,,,,,,,,,,,,,,,,,,,,,,,,,,,,,,
Columns 1-30: HDRO calculations,,,,,,,,,,,,,,,,,,,,,,,,,,,,,,,,,,,,,,,,,,,,,,,,,,,,,,,,,,,,,,,,,,,,,,,,,,,,,,,,
"Columns 31-40: HDRO calculations based on data from UNDESA (2011), Barro and Lee (2010), UNESCO Institute for Statistics (2011), World Bank (2011a) and IMF (2011).",,,,,,,,,,,,,,,,,,,,,,,,,,,,,,,,,,,,,,,,,,,,,,,,,,,,,,,,,,,,,,,,,,,,,,,,,,,,,,,,
